obs_date,TSM_ret_6m,SKH_vol_60d,SKH_log_price_obs,SKH_ret_1m,NVDA_ret_6m,USDKRW_ret_3m,WSTS_WW_YoY_mom_3_12,Oil_ret_3m,ConsSenti,FedFunds,IndProd_YoY,USDKRW_ret_6m,Oil_ret_6m,SKH_RSI_14,SKH_ret_3m,Samsung_ret_1m,T10Y3M_chg3,SKH_52w_pct,Samsung_ret_6m,ASML_ret_3m,SKH_ret_6m,SKH_ret_12m,SKH_price_obs,WSTS_WW_YoY,v2_pred_ww_yoy,TARGET_SKH_6M_RET
1999-07-22,52.03764085347466,,,,-1.270230231771119,,,,107.3,5.12,4.826418688874012,,,,,,0.27,,,22.091548963948647,,,,14.272008673411696,15.422316551208496,0.9709091802795112
1999-10-28,59.12373086561706,,,,13.88801498647416,,,,107.2,5.51,3.7444563415508494,,,,,,-0.01,,,10.88707911260074,,,,21.349124561767496,26.36879539489746,-37.28152529505896
2000-01-27,133.1307979804153,,,,96.80547844455585,,,,105.4,3.99,5.216917187508963,,,30.454442302959407,,,0.1,,,82.63301622422301,,,-231095.90625,35.566306247313165,51.73818588256836,-30.76923284961912
2000-04-27,56.17757682020834,105.99740800282042,,-35.40000575194235,323.2520048597817,,-26.114378761861737,,107.1,6.17,4.447293166354416,,,76.77419925570501,-37.88463637053285,-20.58826095610189,-0.97,95.4545778131098,,-7.515334551012631,,,-143546.0625,37.14121179655121,42.67404556274414,-47.120747991281554
2000-07-27,-39.3970495809935,92.97414859760757,,-22.746796496819133,174.02742053874553,,-22.869203123139517,,106.4,6.86,4.574285752844154,,,83.50523310994306,11.45513178043458,-14.77428435292174,0.0,70.03609718818339,12.862336445129618,3.4826025511181635,-30.76923961088125,,-159989.453125,59.32054907064097,29.091716766357425,-56.41961687712649
2000-10-26,-38.969065917284205,106.91523682019776,,-44.00000622479534,49.03465679548897,,-37.97142450887348,,106.8,6.6,3.968806853188922,,,81.75926381836035,-53.96225769605573,-27.749976289603453,-0.58,95.84793363806386,-48.39284728263126,-36.87315279583358,-52.15685550367122,,-75906.1015625,42.02910531261806,-2.638817548751831,-56.813160335912485
2001-01-25,-21.8623670167344,129.63472820830543,,120.35029442216928,-19.755653949700967,,-6.462799065304893,-10.922325770988994,98.4,5.41,0.7397718173229428,,,39.240510522730006,-12.547718348127434,44.90452096875266,-0.34,82.25157350158821,-27.54773951562367,14.86143948758656,-57.01660486143768,-69.71247214888282,-69724.0234375,22.61517855795121,-24.495973587036133,-82.38719617240963
2001-04-26,-11.610823729890162,88.58836557146633,,-7.449864759857483,17.64708594238229,,14.5260332386,-4.499664612797671,91.5,5.29,-1.122295725249156,,-15.733331750940394,43.50963393329496,-45.34686324394184,4.147482224972787,1.4,95.79534115601211,56.40140267792751,-5.829626418894573,-56.81315144605573,-79.33805364292577,-32781.453125,-4.583875242077539,-25.04229164123535,-70.74303757889012
2001-07-26,-9.647037483299949,87.7231144921877,,-59.46398902405241,55.4735018507815,,63.90442431271852,-6.012661602356584,92.6,3.95,-3.342216371891737,,-10.241776608745734,81.30312691166384,-62.538700308339365,-3.9682654727194566,1.14,99.68114976445536,-8.793964737714566,-27.4285285273908,-79.52622464891992,-92.55185072465044,-12280.3583984375,-33.94020928527125,-27.586809158325195,181.64548244767192
2001-10-25,-9.024023811556903,131.81739443941032,,6.179788339687042,23.1828516391936,,75.96931459788931,-17.995528674541937,81.8,2.75,-4.55015745457048,,-19.347748294289413,65.30617013927277,-17.826066729888723,27.97200459024363,0.4300000000000001,97.9449270464481,-19.02658143685893,-18.00645522754547,-70.74303459988094,-87.97053858064825,-9590.8583984375,-40.89779646631394,-16.11091423034668,40.08917387347448
2002-01-24,38.67779978976351,125.79363452365313,,68.70845305509614,81.35104762757686,,63.51297502426515,-11.688314461572046,88.8,1.52,-4.774776238202749,,-25.04751154069188,58.76287715729279,278.6567217316623,22.772294744588194,1.13,57.03607088935427,78.6744038735921,26.413807650373,158.1749898675344,-50.39431687988638,-34587.078125,-43.82225241706509,2.580253839492798,-79.99999632946248
2002-04-25,39.62254658714226,101.56605945329,,-31.058023436511892,-31.57569968171211,,39.23837717498755,33.350000381469734,95.7,1.74,-2.137490369440353,,21.17219354362927,70.45454298982787,-59.27418380866792,21.47057129838452,0.2999999999999998,86.35827507381279,125.68307813835284,18.697502998610396,40.08911888039543,-59.01417495983103,-13435.7490234375,-20.45496973281993,11.555203437805176,-46.03961590645761
2002-07-25,-45.30120851419429,151.85982084058764,,126.08694750151788,-76.99710513164018,,-13.485239552451322,0.3749545601187121,92.4,1.73,0.920910919642548,,33.85000228881836,44.80519198837212,-48.514850081845694,0.1476844147783484,-0.4699999999999997,89.42148662756914,4.953607973954632,-51.32743728416644,-79.03225247850072,-40.73197431022616,-6917.41552734375,0.0335903697359363,18.702754974365234,-149.58782694689333
2002-10-24,-55.827221224745415,113.81072554892562,,26.74419408635611,-67.79548122670815,,-40.93138683604988,4.949757655995657,86.1,1.85,2.146064440525741,,6.696936955453059,14.062509678169732,7.920799563489633,4.702196552332283,-1.1,88.59503955937133,-22.68516468903669,-43.98845754624517,-49.5370331978271,-20.627723416509404,-7249.98388671875,14.93146538117356,15.224533081054688,-130.67251563799945
2003-01-23,-23.436018908745385,424.53368083993206,8.140372338610698,-181.85923249908848,-32.62507200671737,,-58.75371779823865,14.44286604239917,86.7,1.16,2.880394484854265,,22.57696942087284,31.99997987766595,-149.11555094582744,-9.195408523637782,0.5499999999999998,98.60499564730782,-8.405786047117648,2.114439548687153,-146.04582297553864,-109.84185398260983,3430.19482421875,19.96652916311683,10.0863676071167,39.18127589442366
2003-04-24,0.9126793572237446,93.1570714597212,7.706951336857464,19.201242829890464,34.51192087893706,,-40.42149889593676,-19.95192197476614,77.6,1.38,2.1709435832793167,,-5.531919613779501,71.19676181980529,-32.81384638920406,-5.600016975501676,0.08,90.46798400249682,-11.676656092086624,5.283455237612,-130.67251563799945,-115.47826138379496,2223.75244140625,9.5622327672219,17.842620849609375,83.76287397801391
2003-07-24,37.58130475232255,103.51356771430366,8.470979490469352,38.60230197246111,103.8347212613834,,-9.528642397485964,13.438438459939084,89.7,1.45,-0.0588714540698087,,-9.194710270981066,61.31867773844021,114.69068967523704,15.647250183834728,-0.0499999999999998,94.18475040680028,29.87221250601417,57.89479960209773,44.242416553282006,-171.0669638856284,4774.189453125,11.157470040755136,25.36732292175293,2.572988443617885
2003-10-23,37.45457501256464,55.758703411922575,8.315427169740786,-0.696405816960044,18.41387043227398,,3.773995340418424,2.1233540921692384,87.7,1.17,0.9407289987876988,,13.69605880216358,55.31134982439781,-16.018846516371788,12.578621156324644,0.3699999999999996,88.86244343111,49.16663341444549,19.66075585525866,84.23773133156016,-158.51192242792376,4086.4306640625,21.131774458107746,31.252819061279297,97.56794455354732
2004-01-22,14.777342581419097,76.20151431527864,8.49638393459164,46.05695879373977,10.943663286912695,,-1.1652452949909105,16.744653128698793,92.6,0.94,1.9841883950955763,,15.700562064485313,77.77788278793776,13.92440363604268,19.00454075032647,0.31,82.68398332490705,27.669915331193696,30.662454254071257,-2.6841837655520173,40.3009854600799,4897.02880859375,27.35960024096864,12.178391456604004,45.945953761029386
2004-04-22,0.9336489285658,67.53945833738383,8.996339711220099,1.666665949310686,31.826037974895627,-2.3911680989570194,-17.79736747374674,5.095902558675669,95.8,1.05,1.626375894029275,,22.69384689460121,46.53458344839476,64.86483602989894,13.970625360270294,-0.4099999999999997,84.70615898173155,31.914935326759707,-19.55581362871276,87.821281252602,240.25601179728176,8073.478515625,31.61440286584496,24.308353424072266,6.147527797057339
2004-07-22,-26.69014632816511,78.99430208651738,8.874450085129972,-1.3698505523242033,-36.40952145217795,0.1725178914657732,-20.456932825089822,12.66685274270609,95.6,1.38,2.447031362551799,-2.222775400276966,18.40824577440101,33.33353513724589,-11.47539288193088,-5.96844729488053,0.3799999999999999,67.48822957773987,-20.62737596543942,-10.984360624454215,45.94594837131692,42.02849091865311,7147.01513671875,40.49518756626338,23.43925666809082,25.411480383838622
2004-10-28,-16.307016029565744,52.48161809839373,9.055999651305848,24.519225721058536,-33.19726729049199,-4.141001231356023,-19.36341310815564,18.69463020468296,94.2,1.94,2.448803847620762,-2.1057208899901703,35.931658871961616,38.05308879300437,25.728136039792403,-4.248348147208125,-0.8599999999999999,85.55056236283015,-26.993349347277373,4.172742126208151,15.111090618875211,96.7444424665194,8569.7998046875,23.202669645095632,-2.793195962905884,0.4563172834102458
2005-01-27,19.27009935151398,52.08316520150558,9.1008802098998,24.260938229284392,56.06336298823271,-8.25597982723848,4.156930595873007,-6.900493700077526,97.1,1.97,3.551152067738861,-11.471876149567306,16.73040146862197,60.67418688340484,13.81883396860919,12.457165366554058,-0.4100000000000001,86.13357320894491,17.14286735178716,14.623652550424326,27.77777739106295,71.01570711455018,8963.1787109375,13.331426063420547,27.53055953979492,85.77075589747334
2005-04-28,14.381726325402113,40.95071688071845,9.06055221652317,-6.538467369525436,47.31814936023251,-2.168393482294173,18.28297680242441,9.7286988615902,92.6,2.96,4.168552298887196,-10.603360071350776,1.6692897081381997,28.767161565192893,-3.5714746693893296,-9.803906808789842,-0.31,50.80951070452239,4.664387360771038,-9.20473518009899,0.4562943886228465,15.636336066051705,8608.9033203125,6.819596641374193,-0.7469896674156189,61.31689156744861
2005-07-28,14.848913323992807,49.94641656375288,9.720223676899195,43.29272561286608,19.186862657476155,2.605828296937496,33.67559092488919,15.781336868271367,96.0,3.35,4.634708358906448,0.3809302036927642,27.045354470108805,71.23289395447517,93.4156782863671,14.402445174265145,-0.8999999999999999,99.9999999999909,14.519449500072689,22.41376884923627,86.50788632974194,144.28753435398042,16650.96875,-2.2309136055320145,8.535469055175781,60.268267581153225
2005-10-27,-1.662762730802736,49.13366758597652,9.53875273161823,-18.33332873916178,45.39972519287958,-3.2861099919061942,25.43358325062765,3.349686215177572,76.9,3.93,1.6574450087309731,-0.3966797313696868,18.368532125796765,36.19047206510171,-14.596944317379068,-5.902165207798649,-0.02,66.71124474034134,20.258674475711235,-3.9495970536300273,59.3495863901379,76.35174122461805,13887.615234375,8.110591181587523,6.442916870117188,77.25630651973381
2006-01-26,20.598364645047475,64.81313582966199,10.19190241307375,11.264501665505566,71.1538968466227,-8.39063759178008,5.220834881833024,9.231787508910228,91.5,4.09,2.62590737571502,-6.3969873993697135,11.925677841731952,54.263574511725686,79.34778528158985,9.632980278350578,-0.48,94.5062069061753,30.12704089162348,35.59319500603966,66.28271772155418,193.09761978641495,26686.21484375,12.24208994197138,11.513372421264648,-13.469384976924747
2006-04-27,37.984506730532594,47.1672684624462,10.11117936955201,23.27275426732218,85.50121683446208,-4.076673295357558,-5.4224933005971865,4.737306645916273,88.9,5.0,2.091541760329152,-6.9269571149707225,16.17286142320742,69.73683977694076,-9.358256926786934,6.239971052302407,-0.0799999999999999,83.70804639787343,18.996392635562632,-10.267290464685663,77.25632058352352,182.4572137002216,24616.67578125,12.387397393835164,15.50310230255127,4.867262780872061
2006-07-27,-16.72824173815497,36.24296164191048,10.047230520699882,7.796602690006638,-11.178552923747676,1.6415507973686516,-14.61831099936718,5.030293974100686,84.9,5.05,1.980338625144462,-2.502043160974965,10.005901070761158,60.83334416677462,-6.194701920969791,3.6914206475840974,-0.09,67.44762315829395,-16.038723044608982,-9.598131088653904,-14.973242726143765,42.00463104508157,23091.74609375,13.484993184068038,14.541818618774414,8.233775041184654
2006-10-26,1.2545961213187296,30.636685320002844,10.158704263681743,-1.795590814286829,17.868297365033172,-0.0107163009788968,-5.374402002480515,-18.366244769624075,85.4,5.34,4.215927513496776,0.00321926428688,-16.085082226798896,42.22219742851143,11.792439025916824,-3.379380606152804,-0.39,78.71417877553307,-5.7571064939624605,20.662445133532547,6.75674747899162,73.49151719204289,25814.826171875,10.004476420575426,12.214349746704102,-7.217341290443347
2007-01-25,28.09526316683546,29.653252004878937,10.126353565340088,-4.921732952508517,56.69127960876956,-1.175843340565974,2.2376135213959536,-11.6775273704522,91.7,5.17,2.1707334984272686,-1.7061445558122943,-26.467797230866,26.666660301267957,-2.635557701211344,-0.4896667754815009,-0.06,57.85543044583643,1.673583173482407,10.918778073529234,7.222223013578022,1.2303935276837263,24993.0625,5.859381284177045,3.992786169052124,11.309535066366072
2007-04-26,10.521094843650404,21.14443586057395,10.08379405964711,-1.829260238600272,-0.9455572048779226,-0.1130623897628524,6.528016109658121,17.394441912937886,88.4,5.3,2.530803511580016,-0.5574447768365909,7.786608516760274,36.36362551350938,-2.5718553842489444,-0.6849441615299545,-0.08,45.50755810528182,-7.024258805533734,8.59962334529014,-7.217320230902313,-0.9482288546629248,23951.6875,2.8866873922945624,6.339714527130127,-28.57142274683151
2007-07-26,-2.4233893231137893,36.57477104667942,10.23349831980249,9.838451806095904,40.959557736054265,-1.252654081478899,10.598305791773477,15.201352229903463,85.3,5.31,2.7140344521729087,-1.3643001906017749,35.23998452645303,58.4268956849602,16.149069285306105,6.554300177302519,0.6,83.5616198563492,6.554300177302519,9.008324435420922,13.161883193136914,20.47448467703643,27819.662109375,-1.1778085921499315,0.93425714969635,-27.826854162365045
2007-10-25,-6.794873714614336,37.21575177678179,9.74732201873234,-21.2328550940438,57.2033319033437,0.2083565779537055,11.182285012725355,19.21455239694008,83.4,4.58,2.7901202497425004,-1.3313340202155357,37.39368790397901,1.5152805106950495,-39.94776925867188,-5.056170978118757,0.56,0.0,-10.02890868458679,10.634507307237897,-28.571414592395627,-33.35170075558279,17108.3515625,1.7601559639809805,5.612663269042969,28.151493097474443
2008-01-24,-20.2752348120658,47.71781958996663,9.907396017806246,4.826199766386718,-12.502824507514198,3.386773028442392,4.099225320196065,2.652129998227992,75.5,3.06,2.2029778334589523,3.620058697294448,21.54704544530526,60.11904366102932,11.081286823003754,-2.5372097089729206,-0.0899999999999999,26.902682472818,-13.863145394849186,-19.754093629592628,-30.787829415220138,-20.37537067108264,20078.322265625,1.428270704062884,3.617768049240112,-8.429136514572221
2008-04-24,9.82601716296383,41.273098567375904,9.995365000662057,9.404984791056116,-47.52763116121685,5.12674140067686,1.4584166882316785,29.806501291732125,69.5,2.51,0.5734255066876637,8.687145524115358,33.24913845214035,51.72411015730905,9.19542522004404,10.350610483391344,1.3899999999999997,41.76554946361685,30.5498206330582,3.271825922244198,21.295683486275703,-7.165838907664101,21924.609375,6.037115755632971,-0.3484839797019958,-63.508763787261714
2008-07-24,19.787280247806223,41.28132342121162,9.81933915427487,-12.932610581870918,-57.36374546026195,0.9632743299831104,-7.214924347782903,8.125108136776383,56.4,2.47,-1.724935725071297,6.139400314537302,40.35341989025141,53.64236495377372,-16.140369162791522,-6.758425067238871,0.02,14.009840236457949,10.51476670057574,-23.66621068003697,-8.429119519351024,-36.62180599574833,18385.896484375,12.25746497377942,-11.382554054260254,-66.23214281920376
2008-10-23,-31.40765812151578,104.76007555316214,8.987266581412229,-47.99999936527865,-68.00391117100753,38.56817413446301,-10.49730900979844,-45.48377128983606,70.3,2.03,-8.130031129578574,41.16531635342835,-42.65427338306177,25.97765958408735,-55.26882261143058,-15.625033278965262,0.8400000000000003,0.0,-27.58723682095391,-33.82479449306849,-64.07599440550707,-57.233673689592216,8000.55810546875,1.2209309876751506,-12.339119911193848,65.54213187969151
2009-01-22,-24.899173913145933,105.50273632255184,8.73367845356313,-1.6989347583045489,-34.79789184108824,-3.703449683019433,0.2073397163877288,-34.57678176937032,60.1,0.14,-11.276192783181926,34.68241764370998,-65.86948088274632,52.747249077888846,-33.84821544980359,-4.092440227352723,-0.79,8.673898307874659,-20.998160498684605,9.2592537164095,-65.51060673609686,-67.71792196460204,6208.52392578125,-32.21685763855985,-13.580260276794434,120.72673366702168
2009-04-23,32.13256263224065,81.2542701392863,9.491322019288528,60.42505407866132,70.79514192895427,-3.179907655857439,38.253973394192826,6.778561713870301,57.3,0.16,-14.656035046526473,-4.7020185565364585,-26.85730894686009,69.93863429544732,126.10557385007914,13.999969114876489,0.3599999999999999,44.39991945981221,34.1695790155959,27.560503974834315,65.54211336452784,-40.5306419336852,13244.29296875,-31.575447945692115,17.041728973388672,18.61193939608441
2009-07-23,40.87840349506939,58.25583453492863,9.525433776014388,21.933058303794507,68.61210243221119,-5.848830341027078,43.83291291947154,35.34866003181989,70.8,0.22,-15.282480369076357,-8.842750593092086,44.5233524809733,62.60866825744611,3.470023497738861,18.012068263341916,0.8399999999999999,66.2814042485074,53.52250028880985,20.17673671346005,133.95149039237418,-23.38154812584964,13703.873046875,-23.25165470115693,37.52288436889648,46.542880180776926
2009-10-22,15.856094834114389,44.48227149737108,9.662009341344303,-14.73926702769468,18.67844973894346,-5.311925769082448,24.47258568883208,24.14373172343003,73.5,0.07,-6.805879122929537,-11.970886239005983,66.20267139704761,42.60865694612183,10.91443511788286,-12.00001240899492,-0.1699999999999999,79.07366517184448,19.311920238498196,26.570794881987325,12.91288555287673,67.38269127456931,15709.318359375,-7.385481718980625,41.76040267944336,55.460710425074296
2010-01-28,-1.855463089285725,43.65173148832599,9.907581796388278,8.25689010358095,23.38952857513521,-2.7001941320755285,-24.83137591957923,-4.931577252742258,72.5,0.05,-2.704223119324234,-7.06802625652827,9.534427655288468,42.85716070182232,35.7798013697608,3.656182718078793,0.6200000000000001,86.38495746751795,16.539159144070826,19.685009409934608,35.397366219854966,198.17653441344157,20082.052734375,47.8483150953319,34.88141632080078,-4.237294482041398
2010-04-22,7.760331576423907,38.84069762339925,10.103231966859603,16.19430704052509,23.75644986861065,-3.864146376081068,-79.42376304102402,12.288698578224366,73.6,0.09,4.200672107537207,-6.394469990465257,3.0915068744422847,53.03865637777734,9.961698863348056,4.993742539413848,-0.1099999999999998,97.75371009954608,16.954784347297537,13.393788059583311,55.460675895116495,75.5351350531815,24421.8125,54.97249355391078,27.26955223083496,-20.383294265741203
2010-07-22,7.995483629065059,44.38782054348205,9.864284729847812,-16.91177686724523,-35.96594960180419,8.399430001156238,-78.22414825506772,-5.256862672534157,76.0,0.09,8.551328146848402,4.210717355074012,6.385835897191305,34.65905504540734,-21.254357016908557,-0.3544928382423928,-0.8900000000000001,50.17092777132204,-1.4415098593171027,-11.319712300644102,-13.409953194925816,35.77979753685003,19231.11328125,38.066448860140746,17.338048934936523,25.465376439749644
2010-10-28,7.577682980968059,39.60456100679146,9.875286083583644,7.02577756486642,-25.43316499183105,-4.471064527453306,-45.45193057912137,6.741138570479932,68.2,0.15,6.346682104150392,1.9353676773335329,-1.24970067324226,44.96124720652498,-1.0822354036383874,2.5503183237544302,-0.4199999999999999,46.66742529932389,-6.808561115669376,3.778916991195458,-16.75773750977372,31.464749781546875,19443.849609375,18.717144197378,4.257786273956299,52.23518768842448
2011-01-27,27.490447307291888,34.234157147048286,10.091144703214738,22.749717338808598,133.93884851906645,-0.7657355331568527,29.1311708979539,4.515495286795956,74.5,0.13,5.996200467756596,-5.630821337849278,10.50322501890122,64.17912517869962,23.821759051838452,8.386880475129498,0.81,91.53616666995823,20.546034273417124,27.58107962946448,20.660352489211988,21.95779266934663,24128.396484375,13.118608143922138,0.0936774387955665,-15.892845362151608
2011-04-28,24.628225116011105,44.00344564852757,10.295542111201453,11.16504875733062,61.90871493018501,-3.673032682269717,41.85388540998864,26.326399414106195,67.5,0.1,4.193025357503588,-5.510422383322544,37.33268458413905,62.55143741205576,16.440661310661774,-1.746667272291047,0.1999999999999997,84.3697562347609,18.432390896463826,-0.2809385697906008,52.23512696967661,26.723963994427468,29600.369140625,6.519331809809459,7.345595359802246,-30.713253738339464
2011-07-28,-2.1404863992010914,50.950099887521496,9.918066118509833,-7.82775577000322,-41.79289308440058,-1.6542010441004673,31.547117050331288,-13.6629435455904,71.5,0.07,2.3688810428642126,-5.26647438138993,9.066494778979829,30.573243442232467,-31.441033945087128,0.6614484867529136,-0.2299999999999999,20.669057654278244,-17.07884840414906,-13.71649885159647,-20.16948653790732,3.2412909600385342,20293.70703125,1.3048094115377884,-0.6238721013069153,14.861994875064656
2011-10-27,1.552886293897937,79.33440056360416,9.92862575943217,11.9999923204964,-20.984479356858643,7.86033563919637,17.41233478584021,-3.531829966647637,59.5,0.06,2.412383799676609,4.878951560809552,-16.672581319255986,67.16430028243704,0.0,14.92537056536447,-1.25,38.31777977551492,0.0601070423431826,16.724847779970453,-29.79351466341608,5.248493690609846,20509.13671875,2.197226049295864,0.703571081161499,14.28571564617065
2012-01-26,10.310053866094073,42.01663513202838,10.056627090751606,25.231484153348596,2.1527550513040783,-1.1846896563781573,10.921382094626276,10.532151132389966,69.9,0.04,2.859134467066693,6.235146574298089,0.1104534736384055,76.22954139355394,12.008299877514016,4.897834640095966,-0.0299999999999998,53.50468724977956,31.55426861413464,4.702732626357453,10.408137343340671,-4.078024558792093,23309.751953125,-4.538123148935346,1.8403472900390625,-24.584082974935384
2012-04-26,29.14283940148368,37.93174247768214,10.062157163960686,-10.23099365030019,-10.465114001218469,1.7178199947183392,11.057454958744804,4.86460005212781,76.2,0.09,2.8286925428470555,0.5127795025475557,15.9090982139942,35.02826363548823,0.5545392289456386,5.098013836872317,0.29,61.052665357011485,44.1405896126774,19.944114929802016,12.629429840009898,-21.726606082623967,23439.013671875,-7.212878542533307,2.1173908710479736,-10.661769760702954
2012-07-26,-2.732374782901348,49.05135094086007,9.774475063732922,-11.688299837723005,-10.60503147581774,0.9939244010163772,8.517687954071096,-14.500242199518986,73.2,0.09,3.7105509068513065,2.728818227827756,-10.341020936987633,23.52947254498785,-25.00000208319879,2.941392926472375,-0.5800000000000001,32.1070470904141,5.346067357726092,12.16702952496107,-24.584097673041715,-16.73470698013224,17579.259765625,-3.962518000220694,4.390120029449463,18.87251291083176
2012-10-25,6.867412356750724,33.06391291879917,9.949416484424528,6.113538025532095,-6.880757822297968,-3.936592326601573,6.159744049516558,-3.2820030671932066,78.3,0.09,2.2951570495009843,-3.1011198553901664,-17.35497427790589,60.19418073921767,19.117643627672475,-0.3767246702436333,-0.03,39.32040447943393,1.3461387485407927,-0.4398237222737799,-10.166354227580277,2.748412309668602,20940.0,-5.861506528588745,-5.925313949584961,21.39916129417383
2013-01-24,37.95505691275858,30.427341977609228,9.947356774539236,-3.5785335749152547,-4.449758718399089,-3.2834422831632626,1.3233833796533985,11.921139847339134,72.9,0.09,2.0268355938483085,-7.205632975110976,8.418075647731293,31.578897140718997,1.0416739462898894,-0.9191992632101352,0.1799999999999999,38.83497282044378,24.824878303267077,20.294381564758268,16.58653754474606,-10.01855014514561,20896.9140625,0.4003932813670507,-1.2004380226135254,17.938124075983875
2013-04-25,21.521452688249894,25.4036830824309,10.143330498916862,1.54906728195352,11.98748720231042,4.436946567188271,-7.613271823900359,-2.336251489295571,78.6,0.09,2.534732272069462,1.1514008315389956,8.820448656260194,58.40705195578326,21.900867431283437,-0.0668597122327252,0.07,99.99999999998744,13.590123703654776,1.0129465602443988,21.39918927590736,9.057317664707965,25420.990234375,-0.7218588410459081,4.149017810821533,12.203370062749585
2013-07-25,-0.5116178735721011,35.20531232608793,10.112346754065598,-3.050866782625428,16.199531308172176,-0.0627365064540752,-3.2406591591747858,12.654846808372657,84.1,0.07,1.7645800035426706,4.3714264754647125,10.022946272048404,51.78573596800318,-3.050866782625428,1.4280134817089785,0.6799999999999999,66.93877875752544,-7.161500925297415,21.03829740324481,18.181834359090157,40.19606067652744,24645.4296875,1.81263424208622,15.419526100158691,23.776258856372067
2013-10-24,4.127000461623176,31.944378830525554,10.258473316707423,8.524592381116713,16.363551159775014,-5.312196204808672,-7.674140770674963,-7.85653176510992,77.5,0.06,2.854766330187619,-5.498435404559676,6.212403244249187,62.91388004796016,15.936922627832727,5.535316380928479,0.1400000000000001,86.23855042387206,-2.451217769243818,6.424599296277633,13.745699355163232,37.91665966248865,28523.20703125,5.781971449032075,5.3889641761779785,23.564978866231368
2014-01-23,5.734804922413694,33.62111313949572,10.325652286204368,-4.324276642951919,13.563990805001612,0.898770104068114,-5.381578167665025,0.4749112962771251,82.5,0.07,2.245344069429267,-4.572295696333272,-9.241819781654035,44.70590493987547,8.923132027696457,-8.453728143315331,0.3500000000000001,76.47069106095148,0.3716966945394251,-5.282897186823165,25.531949094918986,43.61059175766309,30505.1953125,9.05458307205449,7.747601985931396,34.322022883662065
2014-04-24,10.064220216374808,25.832862408063995,10.47007019849508,7.208352389327599,26.39206286030462,-3.17889224742528,-9.7764419131004,5.484274715677939,80.0,0.06,2.724108069090181,-1.7407780902613523,4.973742972605666,79.1999950680554,13.927593185411812,10.52633607635658,-0.29,99.99999999999211,-1.9374233122208877,-3.9045437937090033,23.56496717790517,40.54983607448612,35244.69140625,7.069032761682359,12.94646453857422,11.246963194807735
2014-07-24,21.57138535497851,31.269170504857613,10.620721788898328,-5.467216339132708,17.452214189959104,-1.5116456326717764,-5.25639851959614,0.1275232983172447,82.5,0.09,3.365841732090935,-4.64248429427151,5.618791742001417,38.07523270290426,16.25915294645992,0.7815435636589374,-0.1899999999999999,83.07392253172644,3.7116962782166807,4.049918145581621,32.45125480964857,66.54986348086831,40975.1796875,11.636758819943282,8.072293281555176,-0.5217049269346186
2014-10-23,6.709061405872729,38.0156489209733,10.576652624850402,7.058829050623494,-3.323632353617778,2.8945801185822573,-5.854787370911207,-20.393721730567403,84.6,0.07,2.89843352202952,1.2207618288458066,-19.075321015190795,46.666724868600745,-7.98785053377129,-5.770899931080953,0.0099999999999997,68.62750370031401,-21.208595086928096,7.98668474209725,11.656455366903206,40.00004742258925,39208.6484375,8.289411010653168,9.461126327514648,1.305963996898396
2015-01-22,14.485765098737712,30.939218510536325,10.615491083309609,-1.964943676155484,12.772754626050077,2.637325630585652,0.7651720614013211,-42.48633469450253,93.6,0.06,3.170492700276073,5.448345459460291,-55.65025647830007,46.37683808330178,2.1639836873184715,3.952815501015961,-0.3700000000000001,72.3839333127912,3.7214853423089833,16.753465505975896,-7.251123816465165,30.308321688538896,40761.41015625,7.6401511865542115,-1.249974250793457,-17.021278838622734
2015-04-23,14.084452527918367,27.523597959580066,10.589627623355842,-4.880563040574759,22.47109943512213,-0.1567208673733611,-0.5711184248718526,26.65058452558311,93.0,0.06,-0.002747948362114,2.92720492847598,-29.662560294432005,59.6385751388405,-3.5789443340753846,-1.090646003687601,-0.2199999999999999,52.41163446286103,34.57355701541649,3.2095862294292843,1.3059539040633394,13.114637204906,39720.6953125,6.023129440635366,-0.7333239316940308,-30.240174114210383
2015-07-23,-4.046781151534717,32.2866235339967,10.428905447169353,-11.6647585849903,-4.312081871833129,6.697140285953362,5.613629379307914,-16.0893672418993,96.1,0.08,-2.106390227283794,6.529923602234655,6.2733068672499614,34.19917218271878,-14.847138682625491,-6.512745105497942,0.4299999999999999,8.61425255401483,-10.897062751436682,-5.514516708094397,-17.894712188046746,-20.625794313430852,33823.30859375,-1.6517657032963595,-4.549259662628174,-27.936487239980213
2015-10-22,-2.57740227334452,46.542118295202286,10.22951565057531,-8.452730337138824,28.42448905436161,-0.7690517065480185,9.941176713949528,-7.74547197593336,87.2,0.07,-2.2407414414912674,5.24544959778952,-19.19515457369365,42.00910734562276,-16.36126189977325,11.790359610636436,-0.2799999999999998,4.466476197692725,-12.320171933473125,-8.449039852070273,-29.39228214236976,-30.55022893325503,27709.0859375,-2.6196090635771885,0.8913313746452332,-11.239832543094042
2016-01-28,-1.142591974473106,37.49326977764548,10.10128276655388,-9.0460674597052,43.30959774283252,6.407297307654392,10.2597602501314,-27.688284253910712,92.6,0.2,-4.496144811599123,3.5750172413323345,-30.7628146360029,38.15028265084744,-10.636666594343168,-8.105925192727359,0.0499999999999998,4.417035282652187,-5.416292251241317,-3.781865067441248,-24.245905056582384,-42.87648998271138,24374.255859375,-8.962822744530497,3.211165428161621,21.338167455272483
2016-04-28,9.420274252059048,32.59995990713478,10.110283678587724,-2.276733435098865,27.20561233995258,-5.020392765977721,14.985952185165864,38.56109900023241,91.0,0.25,-3.515311400177057,1.065233051148495,0.1959080437054394,58.62067253091644,0.9041542053487284,-2.241161140070902,-0.5399999999999998,5.468708130795834,-1.7351240236459176,9.13040670883647,-9.828684257316112,-39.59771185655319,24594.63671875,-7.892087288210769,13.84988498687744,54.12189778448233
2016-07-28,34.98012064213738,32.80461254601263,10.294694066444206,7.70466193988486,101.53687855243878,-1.487647423523919,6.24032158491441,-10.62350536460982,93.5,0.3,-1.678117946525337,-6.433354445867801,23.8410532146804,71.92986070405169,20.250921702791214,7.7968770246752195,-0.3400000000000001,69.69021516535727,31.709856006881036,13.650284280150691,21.338175468337607,-8.081363353104864,29575.27734375,-3.340027251941313,13.268122673034668,60.98325901841706
2016-10-27,26.43532533409989,30.648183409293143,10.542857476292454,4.495804549657678,90.28178218984876,0.2450228819287359,0.7204181883641247,18.606878321707843,91.2,0.29,-1.9939516469206888,-0.6594620218647096,9.684533889961,54.255414934835045,28.55010986655589,0.2549292848920359,0.08,99.99999999999342,21.086550506874623,-5.029226083414651,47.51290850782264,35.94790086201463,37905.7265625,3.495189008271105,17.732524871826172,26.31131540088725
2017-01-26,9.812957085223209,28.08044647808753,10.770824192742973,18.312993544002065,94.27252550719652,2.848289334431908,-12.4580117528016,9.353392528623017,98.2,0.55,-0.0204964171657051,1.7283803283653087,25.302891597533428,72.64957839971295,25.897147262691437,12.679019574426896,0.6299999999999999,99.99999999999598,32.41624275475263,16.63942100635576,68.51759141008769,93.93132366859824,47611.2421875,17.781015754795714,26.4559268951416,28.33020660988188
2017-04-27,7.312286617570973,34.118103114346475,10.776436924290534,5.71991230920279,49.87504091995265,-3.3203203001753168,-25.67310304300648,-7.89918580568102,96.9,0.82,0.7162067590550603,-0.4862183746346837,-1.508447267872759,74.35900742229964,0.5628512436089306,6.765528684144417,-0.3,96.57399989287572,41.99058808830707,9.181261494388714,26.31131757178016,86.32549832468534,47879.22265625,21.87856709938991,23.418399810791016,46.82839962578353
2017-07-27,19.54833062252479,30.97854854463463,11.020260624066411,-1.1560600130001486,45.04312316641664,-1.7626853137923004,-25.218594351331223,0.1429440332433973,95.0,1.06,1.480330854653911,-5.024478815665567,-7.767533187221643,55.844162850956586,27.611933053228576,3.409067815761202,-0.3599999999999999,88.49702051754488,25.600323053646832,16.405728585044322,28.330198405412062,107.20775476263935,61099.6015625,24.216960190984604,15.096715927124023,12.33679073853471
2017-10-26,28.91642653098627,35.03135086957942,11.160530967371562,-8.806487864542323,88.49116931762724,0.645972314412746,-20.7217711827135,7.979485927483965,95.1,1.06,1.0630336308315114,0.0888517709073388,6.086256595670903,42.04949038562573,17.814357351326638,-2.009839893429599,-0.01,79.18794292695416,23.123820566893883,15.071501347642725,46.554924617357926,85.89315193066054,70300.2734375,19.364559843307184,17.921844482421875,11.416685234710268
2018-01-25,24.930735299947937,37.69982031971641,11.13659146601761,0.1803698779795137,43.16451553361287,-5.782793869698022,-1.58354408851147,25.546189637972216,95.9,1.33,2.467143465957866,-4.443845849275219,36.79265602661636,42.081402652910086,-5.950628649727829,2.0370485654860104,-0.26,71.5506090262552,1.700315897663951,13.23299378747378,9.14538729727743,48.623462107938245,68637.3046875,22.26850670505933,15.485360145568848,9.630600328105876
2018-04-26,-7.354386674085045,37.0494877071493,11.268637775608406,2.9761929828435507,15.241753451906748,1.5287991316408125,-0.3899396056694186,3.0994905816081,101.4,1.67,3.224806264183644,-4.021405624291696,29.540279696157626,64.76186602509112,14.569513417448231,4.458588065201741,0.0,88.8960069160282,1.1346313747228276,-5.244302935672329,11.416674121666714,63.286622770176,78326.2265625,20.252390006311405,15.123490333557127,-25.202308892754044
2018-07-26,-7.451963755988045,38.94884473491466,11.228538270939971,-1.4234605557025937,4.860094033824081,3.198382738066008,3.9645701846732,2.082414016872169,98.2,1.91,2.8410387544831828,4.776078717232912,5.246448824803318,45.86470091785255,-3.930615912593927,0.5293740863217211,-0.0899999999999999,64.87164992459434,-6.272603686576694,11.6971506674735,10.06622589208057,26.10532196506368,75247.5234375,18.78502486990019,0.5533671975135803,-12.990850093384507
2018-10-25,1.5391431899805852,33.436511876135455,10.978254639641989,-15.645366180530218,-3.9590756325500576,0.8493127795600408,0.579534973406993,-2.8427144790048486,100.1,2.18,4.313826088176409,5.647555940910154,-1.058047301122822,36.815981367462086,-19.627316424460105,-12.851256899754194,-0.06,0.0,-17.42906060943247,-22.80221576897924,-21.48057891547166,-19.72300874061308,58586.2109375,17.12537472244524,-3.3644890785217285,27.129655540369168
2019-01-24,-6.808620824947608,41.27308962216032,11.08938119042864,19.709615286822174,-36.43827912702257,-0.9950431489294532,5.14313198261409,-20.48787591923529,98.3,2.4,2.5912536810940523,-0.6287249259730787,-22.460590088935007,80.50004448083297,8.402683768547693,11.987336186324548,-0.62,37.34224917495283,-5.139652411851303,6.790515977996159,-13.511243045918963,-0.1317404673467748,65472.21875,-7.653571641918311,-14.586175918579102,12.340411974518538
2019-04-25,18.962312431244044,36.05539865805671,11.218291890887157,10.01368954539008,-9.887500580818976,2.5302870881406703,27.90596164822972,21.45651099352581,98.4,2.43,0.6545559146318158,1.5559575108285315,-3.1486747199288234,54.10961824566094,7.506695277992326,-1.0960572510890776,-0.2299999999999999,64.44929616602005,10.781824101633886,16.7270914360625,27.12965068172104,-0.1785342579294968,74480.4453125,-11.854044029257327,-3.463801145553589,-0.249404783008289
2019-07-25,18.086764782800067,32.566483459277386,11.205745050172906,18.74064123860386,8.49627407978073,1.8428785626206643,30.639068899157515,-14.092928624035572,98.2,2.4,-0.7369328862962377,4.419795769081425,4.339731589964302,76.99996803281516,-1.2468457272289513,4.316848585094935,-0.13,81.68708885676939,7.13458260566755,12.866951177079743,6.166252641433623,0.9035159321301388,73551.7890625,-16.86810212832145,9.467573165893556,25.949801303864728
2019-10-24,16.682239719983173,33.66741345795943,11.215795148098788,-4.076726321041013,3.1959895942137884,-0.6033393407249066,33.99347685076669,0.6263394191679872,93.2,1.9,-1.7374573008364869,2.425564901214972,-14.660798204423308,51.46196672712792,3.092775458394037,3.1665790137471284,-0.08,84.1693776371536,15.008073594353387,13.205997744260944,1.91081355481022,23.01014164621451,74294.71875,-13.802228476861366,8.270936012268066,4.350790102044
2020-01-23,31.243439678272388,27.7346560055118,11.436458161300694,5.446344011916149,44.19733312739103,-0.6428998885039894,6.148656834943054,-0.6789370373904369,99.3,1.55,-2.2991807373363926,-0.9389176687309542,-2.0785631419074746,62.96299341091166,28.381298694999455,10.25406910386446,0.5700000000000001,94.0361665775973,30.305456349603134,14.724118355508908,26.589169705768413,49.32970288656912,92638.3203125,1.211967006207182,8.500333786010742,-16.514697955017265
2020-04-23,6.658642211697652,61.82132802337416,11.258382751020918,19.02018492175448,45.77352865989841,5.813206289212647,-13.06601103546451,-70.31840267186638,89.1,0.08,-5.315054964389065,5.13293330395681,-70.51992202941616,55.55555160318306,-16.312068819387903,18.160144496428558,0.2199999999999999,47.37535792973498,-1.287089318925716,-1.6716504855008751,7.439652900647209,3.062461027547525,77527.09375,6.166897607636046,19.62892723083496,0.8474455858127783
2020-07-23,19.202488081208635,31.59836816089801,11.25595838291292,-2.0214321952857217,60.41181555463595,-2.77331321595663,-23.03499973595749,148.90908905954072,78.1,0.08,-10.586064673581452,2.878674654966451,-26.11980647222164,33.33333333333333,-0.2421431701094767,5.9566463152796345,-0.0899999999999999,37.22219788052996,-9.763448539688891,33.440024698068015,-16.51471342894768,5.6833310967765005,77339.3671875,7.138054698781016,6.78433895111084,50.79943916019492
2020-10-22,68.70311948036077,32.55764772111151,11.266821700961213,2.4600277989140995,86.91025915361081,-5.089957696947045,-20.94028317564238,-3.0071648934242856,80.4,0.09,-6.183101854793705,-8.028593918769012,194.92017545116303,52.272753069370616,0.1202134950052835,3.8998445371013046,0.0899999999999999,39.722244990372815,22.114402414448264,-4.355594593151036,-0.7151241789395857,6.43245547919602,78184.109375,8.032532108582146,26.212491989135746,61.297788223209146
2021-01-28,65.12396200378727,44.152658387706246,11.66673896742387,7.5833345164284305,27.832839210705583,-1.8373896127221512,-6.820565102374964,39.98395562177628,80.7,0.09,-3.28150457766595,-7.393474538115175,27.53411058717894,32.95448863831071,49.889879131616,9.0297763579144,0.25,78.47888862389155,47.32811997365236,51.39258825542969,49.52912990072959,29.03295763148361,116627.3359375,9.025438760467752,27.093748092651367,-2.84553499058835
2021-04-22,31.779710700822527,42.76071660682983,11.744903502041684,-3.6232040677248833,11.217474230251746,1.4328583885631518,-2.858541152831707,17.52439213160859,84.9,0.06,1.0038210492383517,-1.4460742819124015,51.15649908405964,31.818140961877265,3.5019179812545875,0.9343170894008824,0.87,79.98118805548893,41.179877021641495,13.63423341333936,61.29774212830572,60.14426297426259,126109.203125,17.906821715649013,27.31485939025879,-19.92480972440743
2021-07-22,-9.053771086138552,30.267235146321774,11.637871052091564,-2.049182099303215,42.97358480236697,2.960570981719224,-10.768767016867995,17.06007375039944,85.5,0.08,8.958396565691418,4.4358501599433,37.57414010396967,42.85718769740223,-10.150348364989714,0.0660968453620736,-0.31,62.54553340822696,-7.363358175068413,13.126774007805754,-7.003887258288676,45.099679357314,113308.6796875,26.278457360645668,24.86862564086914,-3.8597070640141617
2021-10-28,-2.278681173771835,31.8817537943992,11.522699573614007,2.898543802239484,63.32740746106021,1.613265405032238,-18.24592525206352,14.394250941843968,72.8,0.06,3.012497017200721,5.3967556726775,29.67428244147312,70.76919030364644,-6.578946607628344,-6.8989626884857,0.08,39.74721685948997,-13.093054211048582,7.018407685240335,-18.07692505145021,29.782697162541403,100982.203125,21.291586502245277,17.2791805267334,4.334790737414895
2022-01-27,3.348070755078369,32.58787864280158,11.59850952173948,-8.819294705959212,14.278219695271233,2.852668061451258,-12.266147741777525,4.778607274672586,70.6,0.07,2.2463731281071158,4.243071013303568,20.879272527397408,22.4490562101023,13.189844627908109,-10.695782250036856,-0.02,41.03101015439086,-8.328070749347638,-20.561541937973505,-0.9588728859312944,-10.593251719610851,108935.3125,32.58572078572821,5.195793628692627,-11.926167176227109
2022-04-28,-17.183857570257054,37.183141096392816,11.565134258129614,-6.970802917190444,-20.661592457339907,5.219954996295684,-14.6788990700792,21.354527736346675,59.4,0.33,3.054410401522168,8.028697358175553,27.231015235572407,44.897994353474864,-8.900885752492416,-6.549572018187167,0.3400000000000001,45.48655909202044,-7.455306551112906,-8.43915912426645,4.334790737414895,-14.525731186775005,105359.5703125,23.05427167607017,-12.829597473144531,-17.242923693230583
2022-07-28,-23.89564461399212,33.5852761024762,11.471514836952805,4.631592059129841,-21.230887621273908,3.1327921910785816,3.2241856845754957,-8.485195889917163,50.0,1.58,1.2217594016755706,8.516277529876026,11.057358336633817,63.69055132601727,-8.937073748565648,4.845946769398646,-0.54,26.59231293896242,-14.596964040235385,-4.398769480190845,-17.042480777082247,-11.240364255986425,95943.5078125,6.192418319861615,-19.04380226135254,-7.346300711209707
2022-10-27,-31.733249810811717,31.84548709667202,11.37587359702376,10.163098169334472,-28.413246086275933,7.764887870658543,15.09916818238366,-8.410446355654189,58.6,3.08,2.462018715752601,12.05511062637543,-12.683782824738175,50.23040156019018,-9.666278939228889,10.532881732258348,-0.76,18.052942635060923,-7.269014181140376,-12.932187068716782,-16.48017344786069,-9.40214608813026,87192.5,-2.4655734519900108,-20.60662269592285,-0.6042664219973015
2023-01-26,11.953590286716963,31.545860154460694,11.395213374062832,19.165592594225565,19.838772483942147,-13.61945439338218,35.051294237718224,-7.848937821001267,59.8,4.33,-0.8016099812473643,-5.937885923692832,-14.708360420039202,83.76627779730876,-2.2816549981205303,10.878904217138707,-1.04,29.15669154378005,4.764995357112012,41.70081272309714,-8.36042124334292,-21.50832980893179,88895.1953125,-17.850773279229525,-0.0595095977187156,36.49561316241108
2023-04-27,38.773213818005225,36.08381291400102,11.36981242173591,4.219406071787701,106.72126057702292,8.603318794428683,40.9050449552997,-6.174696473521124,62.0,4.83,-0.3651222449396196,-5.299109391056033,-16.075437135691708,49.1428108777183,-2.6146357941931875,4.628179930712184,-0.8300000000000001,37.836710002295504,9.882922157655072,-5.511656692624922,-0.6042843421165789,-16.984870682278196,86665.609375,-19.548817046416644,2.8947598934173584,35.839072585007024
2023-07-27,7.48711261962085,38.73373270795615,11.706335640680852,10.02329498015988,125.44831478097429,-4.683697791770303,25.74123536627826,7.129473046225487,64.2,5.08,-0.8893464531073647,3.516667550264762,0.5145532519384544,71.03450839067754,40.00713770726891,-0.7468251449751606,-0.25,99.99999999999794,12.19052434596688,12.865012377124676,36.346460970349305,25.70939673404049,121338.0390625,-6.10520574876211,8.0781831741333,11.328360311598518
2023-10-26,7.32164861665261,33.89027717473871,11.676113444041915,4.347833914893884,49.62714224636391,6.165828877563806,3.639632296772099,5.623255107665681,67.8,5.33,-0.2672476942852109,0.8709958024561981,11.991918797779988,49.68156452350833,6.467702396637542,-2.7696826233433947,0.6600000000000001,82.02937148401406,5.122268352543768,-13.851975042917807,38.01500543994596,29.41048157002928,117725.796875,0.3517029418589112,14.371908187866213,42.70627583964324
2024-01-25,17.341635589149273,28.95226320466653,11.813649310088492,-2.067464783387607,34.91426881699018,-1.0233395738513895,-18.202476221088435,-9.403910102697957,69.7,5.33,0.8386591076755323,3.854652700231132,-2.850680298081976,49.84610750273603,7.994638087789507,-1.909279610917125,-0.56,91.9313763423504,6.914512874655121,49.36507899099099,21.73467596027429,51.95829709933177,135083.625,18.727186368633863,18.35059356689453,38.68724620035757
2024-04-25,57.21238026038129,47.86176162665989,12.031731628100555,0.8753871321863116,97.81022605587664,3.5401390743679872,-38.27600341505051,8.02740309653216,79.4,5.33,-0.557312624665296,2.4805718563992274,-2.1313967769448827,35.05155285599005,24.368944144784383,-1.9862742910111144,0.26,82.69691907459718,13.24951580471243,4.02832986588848,34.31179112276499,101.33282101954562,168002.078125,18.605265393377344,22.49407196044922,16.51868517623434
2024-07-25,38.50254936277595,44.04610825662272,12.140700693852502,-15.448523960077043,82.24594523422608,0.4125038186589602,-24.71047114213945,-6.3300238540685,68.2,5.33,0.7734749239909133,3.9672461018945393,1.189242711590932,18.918888823218523,11.51278541662384,-0.0512461697489308,0.1399999999999999,60.42156395554347,9.481237878906668,-4.219999110632799,38.68727380909418,68.83050336963916,187343.796875,16.205825320903422,16.043827056884766,15.718220897711266
2024-10-24,49.87385343714108,60.83924600362089,12.184613010216664,21.42461221784324,76.25353656037994,-0.5221823923108992,-15.854122379044512,-9.53730409298993,70.1,4.83,-1.2004422838397089,0.5005534885096363,-15.239699902488212,69.0694581636233,-4.782134836157459,-9.940539106971958,0.2,66.10106035925641,-27.26278023342109,-18.40424622909469,10.556649167792308,57.36227111757452,195753.796875,23.68045304323976,13.749537467956545,-9.458763734167375
2025-01-23,33.17924217119788,50.53758920142868,12.286688602326567,29.42215497785305,20.109931156819272,4.192118487379082,-4.953266674605896,5.440167141639707,74.0,4.33,-0.2741466217243804,3.40566585436064,-3.040535818253065,71.80974663191105,11.9897826991322,1.0582287305604954,1.13,80.62505833342641,-35.19724400493092,5.5533519763423245,7.251026024414631,56.61103576643036,216790.90625,15.875996833589422,17.747060775756836,23.796022621741564
2025-04-24,-16.463864469464728,51.87500915480959,12.08524821216534,-15.697411836507513,-24.18836939625062,-0.5216504472937422,2.729268559787922,-15.898743857959609,57.0,4.33,0.5802453773984029,3.5655674394312387,-10.542814173651491,47.218252080082905,-18.79967363029884,-7.386893149595542,-0.3,30.556495307935293,-0.3304260563490535,-7.623448460358572,-9.458764489162608,0.0993560959010819,177237.90625,18.677511876012588,3.0940492153167725,169.24096643750497
2025-07-24,9.71163843444951,44.77981354287394,12.500153576549234,-3.2316031456755545,21.839920778364142,-3.696588192626782,-2.471686555109166,5.16005385655014,60.7,4.33,0.5793208714095943,-4.198955371079071,-11.559073746995152,49.34212427835166,51.42274340650535,9.760042419083591,-0.08,79.48979996657334,24.393593369170308,7.751918284582482,22.955761844037493,30.543714777559483,268378.5,18.650696391814648,33.57225036621094,180.75402370160052
2025-10-23,85.48480245278527,55.61350705684461,13.075684878973606,32.54847752428378,77.37603083705847,3.668700375594147,5.02975665142511,-5.302680589230125,55.1,4.09,1.8631698334008016,0.0825662763694001,-0.7708359381848773,86.04062076396482,78.13800646696791,14.439833854570791,0.31,97.8673701445851,75.08992073472693,44.92892571400331,165.22465744240685,146.51033458060425,477197.09375,28.06989161016129,44.56845474243164,156.66444034163817
